{"min": [4.599999904632568, 0.11999999731779099, 0.0, 0.8999999761581421, 0.012000000104308128, 1.0, 2.740000009536743, 0.33000001311302185, 8.399999618530273], "max": [15.899999618530273, 1.5800000429153442, 1.0, 15.5, 0.6110000014305115, 68.0, 4.010000228881836, 2.0, 14.899999618530273]}